839159288358666200,vvd, 52.50791654, 5.47214735, Bijna thuis (@ Rechtbank Midden-Nederland  locatie Lelystad) https://t.co/MVvvD4njIs
839161127779057700,d66, 51.6905626, 5.29688914, .@D66: leuk dat jullie actief zijn  maar rennende mensen willen hun trein halen en willen geen folder of praatje. ;) https://t.co/ZfNySlVNoz
839179171960086500,gl, 52.45352653, 4.96655616, En ook bij Maurice de Hond weer een extra zetel voor GroenLinks. We staan nu op 18.
839184747314167800,sp, 52.197063, 5.377597, Ik stem op de Socialistische partij (SP)Voor betere zorg en niemand afhankelijk van de voedselbank !PAK DE MACHT https://t.co/27LD0DHdb1
839189483035713500,cu, 52.24395364, 5.1674388, Was een leuke livestream met mariannethieme ! Stel morgen je vraag aan  Gert Jan Segers op de‚Ä¶ https://t.co/Gz09GqFPAP
839233693830922200,gl, 51.53969, 4.45875, jesseklaver daar hang je dan zomaar op het #nsstation in je hometown #roosendaal #groenlinks‚Ä¶ https://t.co/DGrwmwftJc
839244719943200800,vvd, 51.99155825, 6.2806315, Kan er van de 3 miljoen uit de verkiezingskas van de #vvd niet een kledingadviseur voor @dijkhoff betaald worden? @pauwenjinek
839373874689151000,vvd, 52.23764236, 5.17173696, Deze ochtend: @MinPres als gasthoofdredacteur! #WNL #VVD @ Media‚Ä¶ https://t.co/t6O0YQq1Je
839379399287898100,vvd, 51.18918919, 4.197251, De schande van.Rutte.De pinautomaat van Nederland staat in Groningen - https://t.co/Wry3xXEazu
839381775436644400,cda, 52.45353402, 4.96656488, Buma op de radio. Denkt niet dat kilometerheffing technisch mogelijk is maar gelooft wel in zelfrijdende auto's.
839391578808598500,vvd, 51.18918919, 4.197251, De schande van Rutte.De pinautomaat stort in.De pinautomaat van Nederland staat in Groningen - https://t.co/Wry3xXEazu
839409605872611300,pvda, 51.966589, 5.996396, @parool @PvdDAmsterdam Kan me dat niet voorstellen  waar laat de @pvda al deze stemgerechtigde mensen dan slapen?
839415219654967300,vvd, 51.58324, 4.77812, Geert....#verkiezingen #flyeren #breda #vancoothplein #bndestem #kaas #thetosticlub #pvv #vvd‚Ä¶ https://t.co/m36sMe1fab
839415219654967300,pvv, 51.58324, 4.77812, Geert....#verkiezingen #flyeren #breda #vancoothplein #bndestem #kaas #thetosticlub #pvv #vvd‚Ä¶ https://t.co/m36sMe1fab
839428227160502300,d66, 51.18918919, 4.197251, Is het daarom dat veel Nederlanders zich laten verzorgen in Belgi√´? @D66 #wachtlijsten https://t.co/muXbjOEaVA
839428766090817500,d66, 51.18918919, 4.197251, De beste zorg van Europa? @D66 https://t.co/rjTbb9lAm0
839430189012615200,d66, 51.18918919, 4.197251, #fakenews .@D66: Nederland heeft de beste zorg van Europa. Daar zijn wij trots op! Maar het kan nog beter ‚¨á‚Ä¶ https://t.co/hrAhgnRwWP
839437416758984700,d66, 51.18918919, 4.197251, #fakenews @C_Groenendijk .@D66: Nederland heeft de beste zorg van Europa.https://t.co/9RI3gSG3kD https://t.co/GfdFGRQuQT
839754029227995100,gl, 51.5920894, 4.7881444, @Freakymike01 haha ik heb Jesse klaver gestemd
839754134416937000,gl, 51.5920894, 4.7881444, @EchoHuskyNL ja ik heb Jesse klaver gestemdüëåüèº
839758424485335000,gl, 52.31235718, 4.94404142, Opboux De Meetup @groenlinks (at @AFASLive in Amsterdam  Noord-Holland) https://t.co/oDtXeXLcku https://t.co/AflEcMMmNR
839760034154360800,gl, 51.5915878, 4.7832629, @dennisisgek ik heb Jesse klaver gestemd
839780061167300600,d66, 52.15388889, 5.37416667, Kat in het bakkie! ;) #d66 @ Station Amersfoort https://t.co/iKvpWicS1i
839818332798873600,d66, 52.44415, 5.84698, Vandaag namens @d66 d66elburg en @gem_elburg gastcollege mogen verzorgen #nuborghcollege‚Ä¶ https://t.co/4MSsFUrLu5
839825175528906800,cu, 52.41582261, 4.89990234, NL |  Homoseksuelen welkom bij de ChristenUnie https://t.co/Ro18ol7CX1
839825981904941000,gl, 51.5920555, 4.7877966, @compu_tricks ik heb Jesse klaver gestemd xd
839844581789290500,cda, 52.30148314, 4.63170179, #schoolzwemmen (@ Sportcomplex Koning Willem-Alexander - @hvdsport) https://t.co/vDBOOJiuZu https://t.co/cDaboLBUbG
839858881354346500,cu, 52.44168021, 4.90868926, #Egaylity -  Homoseksuelen welkom bij de ChristenUnie -¬†"Iedereen die bij een open bijbel politiek wil bedrijven en‚Ä¶ https://t.co/6ebzVmZyOD
839858887427686400,cu, 52.37722611, 4.89824219, #Egaylity -  Homoseksuelen welkom bij de ChristenUnie -¬†"Iedereen die bij een open bijbel politiek wil bedrijven en‚Ä¶ https://t.co/e7C8ER19yj
839859086040551400,cu, 52.37722611, 4.89824219, #Egaylity -  Homoseksuelen welkom bij de ChristenUnie -¬†"Iedereen die bij een open bijbel politiek wil bedrijven en‚Ä¶ https://t.co/vP4iJGcjxG
839871318333907000,cu, 52.39398971, 4.88725586, NL |  Homoseksuelen welkom bij de ChristenUnie -¬†"Iedereen die bij een open bijbel politiek wil bedrijven en lid is‚Ä¶ https://t.co/NZzA3tzyE6
839874143608782800,cu, 51.05, 3.7333, dit najaar op Vier‚ùó                '#hetisingewikkeld':een tragikomische ¬≠serie met Ben Segers‚Ä¶ https://t.co/NkD6eNvKkH
839874745294270500,d66, 52.23449428, 4.8351458, D66 was vandaag met de landelijke campagnebus in Almere Poort. Twee thema's werden bespoken: IKC's en de Flevocampus https://t.co/nuLwgQ5yY4
839885604938641400,gl, 52.31232, 4.9442199, Gearriveerd bij AFAS Live voor de meetup van #GroenLinks! #Klaver #stemvoorverandering‚Ä¶ https://t.co/cVgioya9tc
839888963812884500,vvd, 52.18124648, 5.41594409, Grote onzekerheid door opschorting wet dba volgens poll @onl @BiesheuvelHans #vvdondernemersevent https://t.co/HKRztbdo2x
839894482288013300,d66, 52.23444982, 4.83512639, Uitspraak Pechtold: "Flevoland zou eigenlijk √©√©n gemeente moeten zijn" zorgde voor veel ophef bij Almeerse politici https://t.co/UoZnEveAOM
839901493180444700,vvd, 52.18125407, 5.41595308, Compliment uit de zaal voor @VVD Het zit weer mee stem vvd! #vvdondernemersevent https://t.co/MESkXVKdBy
839908722948341800,vvd, 52.18126732, 5.41598305, Debat moet de komende dagen niet over herverdelen gaan maar over de taart vergroten @VVD pak die handschoen op vraagr @BiesheuvelHans
839910067222810600,gl, 51.45, 5.46667, De zaal begint vol te lopen voor het debat van Eindhoven #verkiezingen #tk17 #15maart groenlinks‚Ä¶ https://t.co/l111pBdLdm
839913088832966700,vvd, 52.09009009, 4.31079952, @Jet_030 idem Den Haag centraal station. De @vvd zit een potje te liegen.
839916173575737300,pvda, 52.24395364, 5.1674388, Asscher vs Roemer. Morgen in eenvandaag   ! Vandaag vooruitblik in de #NieuwstrendPolitiek‚Ä¶ https://t.co/SIGOWdkvWx
839916173575737300,sp, 52.24395364, 5.1674388, Asscher vs Roemer. Morgen in eenvandaag   ! Vandaag vooruitblik in de #NieuwstrendPolitiek‚Ä¶ https://t.co/SIGOWdkvWx
839920124610084900,gl, 52.31232, 4.9442199, Groen rechts  groen links. Applaus! üé∂#groenlinks #jesse #letsdothis @ AFAS Live https://t.co/u4josBJL7c
839921429898387500,vvd, 52.079464, 4.31275, Nam vandaag de (voorlopig) laatste Haagse Zaken op  over Mark Rutte‚Ä¶ https://t.co/ht6R704Owy
839951837767819300,vvd, 51.48333333, 5.65, Zoek de verschillen...Net thuis na een rondje plakken.  #vvd #vvdHelmond #Heelnormaal #TKV2017‚Ä¶ https://t.co/3yARCYby7D
839963878402449400,d66, 52.08035, 4.31396, Now that's what I call TARGETING! D66 weet waar ze moeten zijn.. In de abri tegenover het‚Ä¶ https://t.co/2DdA4OsK5J
840121886285553700,vvd, 52.12625414, 5.19519719, Roos kan niet wachten zo meteen mee campagne voeren @VVDBilt @VVD https://t.co/1ocm3J14UG
840130173366296600,pvda, 51.5920853, 4.7882447, @RedelijkThymen @HetAapKanaal PvdA??
840131158788599800,pvv, 51.5920853, 4.7882447, @HetAapKanaal @RedelijkThymen wss bedoelt hij pvv..
840131284319973400,d66, 51.5920853, 4.7882447, @HetAapKanaal @RedelijkThymen en D66 is niet links  maar zit tussen rechts en links in
840161206405013500,gl, 52.91889, 5.74197, Ben jij al in de stemming? #vote #groenlinks #stemmen #verkiezingen @ AriebruinsmA https://t.co/vT4SczEEVC
840176474334384100,vvd, 51.18918919, 4.16850271, En wij hebben de graaiers betaald.Wat nu @johncrombez @wbeke @RuttenGwendolyn ? https://t.co/lSfFTxoIMN
840187414207483900,vvd, 52.05837672, 4.22934108, @volkskrant gaat de PvdA zelfs de VVD aftroeven met het aantal oplichters.
840187414207483900,pvda, 52.05837672, 4.22934108, @volkskrant gaat de PvdA zelfs de VVD aftroeven met het aantal oplichters.
840191288364396500,pvda, 52.05837906, 4.22935641, @volkskrant jullie van de Volkskrant zijn een stel huichelaars. Wel de poen opstrijken van PvdA en dan dit commentaar.
840194738095587300,vvd, 52.05837903, 4.22938561, @telegraaf wat is het nu VDP of VVD.VDD staat niet op de kandidatenlijst.
840199359098695700,vvd, 52.4380655, 4.8292739, Als je niet wilt dat de #VVD gaat regeren moet je zeker niet op het #CDA of #D66 stemmen
840199359098695700,cda, 52.4380655, 4.8292739, Als je niet wilt dat de #VVD gaat regeren moet je zeker niet op het #CDA of #D66 stemmen
840199359098695700,d66, 52.4380655, 4.8292739, Als je niet wilt dat de #VVD gaat regeren moet je zeker niet op het #CDA of #D66 stemmen
840211686552424400,vvd, 52.3349075, 4.8731634, B1 13117 Rit 29380 Amsterdam De Boelelaan 1081HV 1117 VU 5D Holding cardiologie https://t.co/SHJvVDx7l9 #p2000
840236826786959400,d66, 53.21489054, 6.56532052, Politiek Caf√© D66 (@ Synagoge in Groningen) https://t.co/XDPcXuvECt
840239766956326900,vvd, 52.70561254, 5.2923521, dame aan de deur met een #sp folder. Ik zeg  ik stem #vvd dus geen behoefte aan folder. De dame zegt ik ook maar ik doe dit als vrijwilliger
840239766956326900,sp, 52.70561254, 5.2923521, dame aan de deur met een #sp folder. Ik zeg  ik stem #vvd dus geen behoefte aan folder. De dame zegt ik ook maar ik doe dit als vrijwilliger
840244736954900500,gl, 52.45346863, 4.96655616, "Klaver was gisteren fenomenaal. Je hoopt dat je in de toekomst zes Klavers hebt in de politiek.‚Äù https://t.co/SFgT0hWLi1
840247806849871900,gl, 52.3324135, 4.9136925, Verkiezingsdebat wearehere met groenlinksamsterdam @rutgergrootwassink @ Stichting Noodzaak https://t.co/MhrwCkc7as
840250376406351900,sp, 52.24395364, 5.1674388, Het debat op Links: @emileroemer vs @LodewijkA Zo in eenvandaag ! #politiek #politics‚Ä¶ https://t.co/E4BiXrUmB1
840256174645792800,pvda, 53.07579, 6.70155, Roemer tegen Asscher. Sp blijft zich afzetten. PvdA probeert bruggen te slaan. Geen goede voorbode voor samenwerking
840256174645792800,sp, 53.07579, 6.70155, Roemer tegen Asscher. Sp blijft zich afzetten. PvdA probeert bruggen te slaan. Geen goede voorbode voor samenwerking
840256587780522000,d66, 52.3324135, 4.9136925, Verkiezingsdebat wearehere met groenlinksamsterdam @rutgergrootwassink Artikel1 en D66 @‚Ä¶ https://t.co/MhrwCkc7as
840256587780522000,gl, 52.3324135, 4.9136925, Verkiezingsdebat wearehere met groenlinksamsterdam @rutgergrootwassink Artikel1 en D66 @‚Ä¶ https://t.co/MhrwCkc7as
840277209986269200,pvda, 51.88970161, 5.40579851, #Eenvandaag #TVDebat #Asscher Wat een guts had hij tijdens deze debat.
840310297588035600,pvda, 51.8327679, 4.35587504, @Petrabhd de@PvdA  is niet helemaal mijn club gelukkig wel links @EricvantZelfde2 komt zelf uit t onderwijs en draagt dat vast n warm ‚ù§ toe
840328922172670000,pvv, 53.25882, 6.299257, . @thierrybtaudet is gewoon de @pvv in een semi-chique #elitair jasje. #penj
840329060408528900,pvv, 53.25882, 6.299257, . @thierrybaudet is gewoon de @pvv in een semi-chique #elitair jasje. #penj
840335767864004600,pvda, 51.65435363, 5.29582217, Dit. Aboutaleb vs. Asscher. Dag vs. nacht‚Ä¶ #PenJ https://t.co/EpqwjGpOPU
840472265586294800,cu, 52.36792726, 4.85509803, Quas G powerrrrr . Wouw! #gospel #rap #CUinactie christenunie @quasg @ Maranatha Ministries‚Ä¶ https://t.co/xGuHdbFefJ
840499540495016000,cda, 52.0333, 5.66667, CDA cdavandaag #verkiezingen #election #dutchelections #cda #sybrandbuma #dutch #ede‚Ä¶ https://t.co/wkcOrNFHe5
840526360510640100,gl, 52.0914176, 5.1196125, Flyeren #stadhuisbrug @GroenLinks030 @groenlinks met @lindavoortman #tijdvoorverandering #nietschreeuwenmaarpraten‚Ä¶ https://t.co/Ow96TIComX
840532314484592600,d66, 51.36728, 5.21670333, Ook Bladel kleurt groen. @D66  @D66DeKempen. Flyeren voor de eigen voordeur. https://t.co/Pb6YpRwO8V
840543767459434500,pvda, 51.45145347, 5.47180157, Mooie campagnedag op de Woenselsemarkt. #pvda vrijwilligers  op de markt en in de buurt #TK17‚Ä¶ https://t.co/ZFEiwPJXRX
840564236451369000,cu, 52.39398971, 4.88725586, MWNL -  Homoseksuelen welkom bij de ChristenUnie -¬†"Iedereen die bij een open bijbel politiek wil bedrijven en lid‚Ä¶ https://t.co/boK7w2Zgc1
840566182096830500,d66, 52.357611, 4.881619, Women's March met de liefste @meltemd66 √©n zelfgemaakt bordjes ‚ù§ #womensmarch @ Museumplein https://t.co/4wbuCBfCZR
840577826176692200,vvd, 51.44861, 5.45762, Zo meteen #DebatZuiden met Mark Rutte (VVD)  Jesse Klaver (GroenLinks)  Alexander Pechtold‚Ä¶ https://t.co/rUusi92YwS
840577826176692200,d66, 51.44861, 5.45762, Zo meteen #DebatZuiden met Mark Rutte (VVD)  Jesse Klaver (GroenLinks)  Alexander Pechtold‚Ä¶ https://t.co/rUusi92YwS
840577826176692200,gl, 51.44861, 5.45762, Zo meteen #DebatZuiden met Mark Rutte (VVD)  Jesse Klaver (GroenLinks)  Alexander Pechtold‚Ä¶ https://t.co/rUusi92YwS
840592014391574500,pvda, 52.6425, 5.05944444, Iets met verkiezingen volgende week. @PvdA @pvdahoorn #tweedekamer @ Hoorn https://t.co/1YOAHr0Suh
840602055274303500,sp, 52.3612998, 4.8767679, A1 13102 Rit 29829 Amsterdam Roemer Visscherstraat https://t.co/NOFQnD1Hdo #p2000
840617842403868700,vvd, 51.18918919, 4.16850271, De "mooie" toekomst voor Nederland van @markrutte . https://t.co/gTbUHyuT4W #nieuwsuur
840621437119541200,sgp, 52.3395753, 4.8732716, A1 13161 Rit 29847 Amsterdam Zuidplein 1077XV 10 Metro Amsterdam Zuid https://t.co/brIXJSgpUr #p2000
840629076469665800,vvd, 52.12621521, 5.19536269, Wet dba moet van tafel stuur bericht naar @VVD als je eens bent https://t.co/TKTgQPgKt6
840644487663636500,cu, 52.31373012, 4.95127529, Mooie actie  flink veel CU-blauw en samen met o.a. @gertjansegers (1) Joel Voordewind (3) en‚Ä¶ https://t.co/GODgJbHin4
840654628337438700,vvd, 50.86666667, 6.06666667, Laatste flyerronde voor 15 maart gelopen! #stemvvd #vvd #vvdkirchroa #kerkrade #tk17‚Ä¶ https://t.co/Q8eSUEr6BG
840661301647011800,sp, 51.55, 5.11667, In debat met SP  CDA en D66  in Tilburg! #Jezusleeft #kiesvoorJezus @ Tilburg  Netherlands https://t.co/mC6zKjN5sa
840661301647011800,cda, 51.55, 5.11667, In debat met SP  CDA en D66  in Tilburg! #Jezusleeft #kiesvoorJezus @ Tilburg  Netherlands https://t.co/mC6zKjN5sa
840661301647011800,d66, 51.55, 5.11667, In debat met SP  CDA en D66  in Tilburg! #Jezusleeft #kiesvoorJezus @ Tilburg  Netherlands https://t.co/mC6zKjN5sa
840662367943942100,vvd, 52.12619879, 5.19547244, https://t.co/TKTgQPgKt6 @onl laat je horen #gemiste kans @VVD
840680275499610100,pvda, 51.9167, 4.5, pvda Rotterdam! #verkiezingen #elections #dutchelections #pvda #landelijkeverkiezing #sonya7‚Ä¶ https://t.co/e59KzsSmOM
840719160430714900,pvv, 51.0101424, 5.8566985, @gurhan_gucluer @tunahankuzu dat is wilders idd. Dat vindt ik ook een flapdrol. Net als die hitser van denk.
840731686136614900,pvv, 51.0102233, 5.8567154, @Jongderik en wilders gaat er met de poet vandoor..
840828289807704000,vvd, 51.18918919, 4.16850271, Wat stond de VVD daar te doen @markrutte ? https://t.co/E7txtxXyOJ
840829443799162900,vvd, 51.18918919, 4.16850271, Waren het deze week geen verkiezingen was dit nooit gebeurd nietwaar @markrutte
840838473124859900,d66, 51.994603, 5.980711, @kirstenvdhul @PaulienvdH Ik ga u gelijk geven. Zelf vindt ik een meer linkse houding ook prettiger. Adviseer u @GroenLinks of dan maar D66.
840838473124859900,gl, 51.994603, 5.980711, @kirstenvdhul @PaulienvdH Ik ga u gelijk geven. Zelf vindt ik een meer linkse houding ook prettiger. Adviseer u @GroenLinks of dan maar D66.
840838632726515700,vvd, 51.18918919, 4.16850271, Opvallend hoe bang EU is om Nederland te steunen. @markrutte @emielroemer
840838632726515700,sp, 51.18918919, 4.16850271, Opvallend hoe bang EU is om Nederland te steunen. @markrutte @emielroemer
840841865423347700,pvda, 50.84619583, 5.70015793, Campagne voeren is leuk! #pvda #maastricht #samenvooruit @ Plein 1992 https://t.co/YHs6dXR7xZ
840844592157204500,vvd, 52.3786493, 4.5406309, @sypwynia @geertwilderspvv @tunahankuzu ‚ö°laatste kans‚ùì voor @markrutte zich te tonen als een 'daadkrachtigleider' zijn stem werd lagerüí™
840844592157204500,pvv, 52.3786493, 4.5406309, @sypwynia @geertwilderspvv @tunahankuzu ‚ö°laatste kans‚ùì voor @markrutte zich te tonen als een 'daadkrachtigleider' zijn stem werd lagerüí™
840856832067424300,pvv, 50.8884344, 5.7563272, Begrijp ik ook oprecht niet.. Meerssen blijkbaar ook. Geen noodzaak om PVV te steunen lijkt mij https://t.co/y674acvkkw
840862026486427600,pvda, 53.1939524, 5.8449173, Nu bij debat van omrop Fryslan met Christa Oosterbaan PvdA
840870412661719000,vvd, 51.18918919, 4.16850271, Wat stond de VVD daar te doen @markrutte ? En @openvld @RuttenGwendolyn ? #7daghttps://t.co/E7txtxXyOJ
840872482701750300,pvv, 53.1939524, 5.8449173, Simone constateert dat PVV een populistisch partij is.
840872650499080200,pvv, 51.96652, 5.996426, @JaseyAncient @widtvoet Zal het Nederlandse Volk in opstand komen als @PVV bakzeil haalt? Welke rechten en opties heeft de Wijkagent?
840872968079200300,pvv, 51.18918919, 4.16850271, Als er  geen verkiezingen waren in Nederland was deze minister welkomOnder druk van Wilders gebeurt dit.PUNT #7dag
840873274456318000,vvd, 53.1939524, 5.8449173, #BurodeVries VVD en 50+ over de zorg #omropfryslan!!
840874930879184900,d66, 52.54215027, 6.06043752, Eindsprint naar verkiezingen #tk17 d66zwolle @ Zwolle Stadshagen https://t.co/e8NaEbcMLR
840876569858056200,pvda, 52.08459597, 4.31865692, #pvda rent ook mee in de CPC #eindsprint?üò¨ (@ Malieveld in Den Haag  Zuid-Holland) https://t.co/jrfgegnoGm https://t.co/zwyK05nFlf
840882277370454000,d66, 52.08444632, 4.31830974, #d66 loopt ook mee? #racenaarhettorentje? (@ CPC loop in Den Haag  Zuid-Holland) https://t.co/2VwnAry3eA https://t.co/K95Vgglbcw
840882772935921700,vvd, 52.10472893, 5.11864608, Lijsttrekkers 2017 nr.1 Mark Rutte  #illustration #characterdesign #caricature #design #politics‚Ä¶ https://t.co/jsjXk2zrwQ
840903757487603700,vvd, 52.3445294, 4.7837182, P 2 Dier in nood (13GG04) (Hond)   Zwarte Pad Amsterdam [ 13VVD ] https://t.co/GLBqoCn58Q #p2000
840911423949557800,cu, 52.37387263, 4.90373535, MWNL -  Homoseksuelen welkom bij de ChristenUnie -¬†"Iedereen die bij een open bijbel politiek wil bedrijven en lid‚Ä¶ https://t.co/1K4c3s7jo9
840912025886851100,pvv, 52.10472893, 5.11864608, Lijsttrekker 2017 nr. 2 Geert Wilders #illustration #characterdesign #caricature #design‚Ä¶ https://t.co/mlj3iB8I59
840927054979715100,pvda, 53.10293, 6.0978899, Op bezoek bij de #pvda   #lodewijkasscher komt ook langs. @Reisopera brengt de culturele noot. @‚Ä¶ https://t.co/FNGWFakB8k
840930646834991100,pvv, 50.8884344, 5.7563272, haha in navolging van hun grote blonde Leider verlies ik bij elke kritische tweet over de PVV ook zijn aanhang! Wat een idioot volk
840937088304468000,pvda, 50.89618242, 5.9883092, De enige echt dijkvangijs spreekt de het @jspvda leger toe! Samen strijden voor goede banen‚Ä¶ https://t.co/bOqWaBnIpl
840952534651031600,pvda, 53.1024309, 6.0973062, Nu bij het Rode  Noorden in Drachten met o.a. Lodewijk Asscher @PvdA
840983499842637800,gl, 52.15, 5.38, groenlinks jesseklaver @tijdvamersfoort #verkiezingen #election #dutchelections #groenlinks‚Ä¶ https://t.co/TRZcJPSn8Z
841013530216280000,vvd, 53.07579, 6.70155, Roemer niet geloofwaardig als regeringspartner na afwijzen uitgestoken hand pvda en eerder de vvd. Met wie dan?
841013530216280000,pvda, 53.07579, 6.70155, Roemer niet geloofwaardig als regeringspartner na afwijzen uitgestoken hand pvda en eerder de vvd. Met wie dan?
841013530216280000,sp, 53.07579, 6.70155, Roemer niet geloofwaardig als regeringspartner na afwijzen uitgestoken hand pvda en eerder de vvd. Met wie dan?
841020385164443600,cda, 52.3333, 5.9167, Ik stem woensdag op nummer 21  van het cdavandaag Jij stemt woensdag‚Ä¶ https://t.co/tEmd8YFUyQ
841033229511610400,cda, 50.8884344, 5.7563272, Maar waarom demonstratie? Doen ze bij cda  PvdA ect toch ook niet.. https://t.co/3rHmgEibSe
841033229511610400,pvda, 50.8884344, 5.7563272, Maar waarom demonstratie? Doen ze bij cda  PvdA ect toch ook niet.. https://t.co/3rHmgEibSe
841069487847800800,pvda, 52.79470728, 6.94353685, @PvdA Maak er zwevend vooruit van
841149620856201200,vvd, 52.378693, 4.5406381, @markrutte @VVD  ter info er =een conflict geen oorlog.Oorzaak v spanningen‚ö° een falend visieloosbeleid de afgelopen jaren. Succes metüí™taal
841150474640318500,vvd, 52.3786102, 4.5406245, @VVD  @PvdA vannacht geslapen met een kruidnagel tussen mijn kiezen tegen kiespijn.In mijn budget geen ruimte v tandartspolis üò°
841150474640318500,pvda, 52.3786102, 4.5406245, @VVD  @PvdA vannacht geslapen met een kruidnagel tussen mijn kiezen tegen kiespijn.In mijn budget geen ruimte v tandartspolis üò°
841151753726906400,vvd, 52.3786102, 4.5406245, @VVD @PvdA  regeren =vooruitzien! Geen adhoc beleid om zieltjes te winnen of de staatskas op orde te krijgen. Mijn kas=leegbezuinigdüí£
841151753726906400,pvda, 52.3786102, 4.5406245, @VVD @PvdA  regeren =vooruitzien! Geen adhoc beleid om zieltjes te winnen of de staatskas op orde te krijgen. Mijn kas=leegbezuinigdüí£
841162476662190100,pvda, 52.3786121, 4.5405744, Resultaat @VVD @PvdA beleid geen internet/tv/‚òé/tandartspolis/fysio/naar de voedselbank/ geen bril.Schoenen+ wasmchine via fondsen.Beschaafd‚ùì
841162476662190100,vvd, 52.3786121, 4.5405744, Resultaat @VVD @PvdA beleid geen internet/tv/‚òé/tandartspolis/fysio/naar de voedselbank/ geen bril.Schoenen+ wasmchine via fondsen.Beschaafd‚ùì
841165088484671500,vvd, 52.3785708, 4.5405664, Een ernstig auto-ongeluk (2013)heeft mijn vertrek vertraagd! Hoe kom ik aan ‚Ç¨'s om te kunnen OPROTTEN? Is er een potje@VVD @PVDA‚ùì
841165088484671500,pvda, 52.3785708, 4.5405664, Een ernstig auto-ongeluk (2013)heeft mijn vertrek vertraagd! Hoe kom ik aan ‚Ç¨'s om te kunnen OPROTTEN? Is er een potje@VVD @PVDA‚ùì
841172494589485000,sgp, 52.0333, 5.66667, SGP Ede #verkiezingen #elections #dutchelections #sgp #keesvanderstaaij #sonya7 #sonyimages‚Ä¶ https://t.co/W8RuHqvA82
841172494589485000,sgp, 52.0333, 5.66667, SGP Ede #verkiezingen #elections #dutchelections #sgp #keesvanderstaaij #sonya7 #sonyimages‚Ä¶ https://t.co/W8RuHqvA82
841196778598813700,pvda, 50.849722, 5.705, Vanmorgen vroeg opgestaan om bij het station #pvda magazines uit te delen. #maastricht #campagne‚Ä¶ https://t.co/9KW0dM0J47
841196822588739600,d66, 52.15, 4.5, Warm  D66 welkom in Leiden bij aankomst.  Ga stemmen @ Leiden  Netherlands https://t.co/3TbW5UTg9t
841200891579551700,vvd, 52.3785708, 4.5405664, MEER voedselbankklanten MEER daklozen MEER polarisatie MEER verwarde mensen.‚ùó‚ùìStem @VVD
841207408038940700,vvd, 51.9235617, 4.246763, #geertwilderspvv zet um op bij het debat tegen rutte
841207408038940700,pvv, 51.9235617, 4.246763, #geertwilderspvv zet um op bij het debat tegen rutte
841221071516782600,gl, 52.51202912, 6.09040618, GroenLinks zoekt kandidaat raadsleden https://t.co/qG97uzN4PF #Zwolle #Nieuws
841222285553983500,vvd, 52.0946942, 5.15336471, Het is de week vh familiebedrijf. @VVDpsUtrecht zet familiebedrijven in het zonnetje. https://t.co/hdIxuSGPtA
841222285553983500,sgp, 52.0946942, 5.15336471, Het is de week vh familiebedrijf. @VVDpsUtrecht zet familiebedrijven in het zonnetje. https://t.co/hdIxuSGPtA
841227282396151800,d66, 52.2333, 4.45, D66 bustour: werkbezoek Decos in Noordwijk. Even de ballenbak bij de printer uittesten! #stemd66‚Ä¶ https://t.co/vMYtnCeme8
841250791113519100,gl, 52.08608592, 5.12274027, Week van de waarheid. Woensdag verkiezingen! (@ Landelijk Bureau GroenLinks in Utrecht  Prov. Utrecht) https://t.co/p2pW7CQ5af
841262306348666900,vvd, 51.91729663, 4.5256737, Repetitie voor debat Rutte vs Wilders. Om 18.15 uur in eenvandaag npo1 ! #avrotros #debat #rutte‚Ä¶ https://t.co/KhxfQLmHeD
841262306348666900,pvv, 51.91729663, 4.5256737, Repetitie voor debat Rutte vs Wilders. Om 18.15 uur in eenvandaag npo1 ! #avrotros #debat #rutte‚Ä¶ https://t.co/KhxfQLmHeD
841262897460367400,gl, 52.4893239, 4.9544291, @groenlinks geweldig grappig met een duidelijke kern van waarheid erin.
841276820582486000,vvd, 51.4954955, 3.61763329, Niet stemmen = Rutte steunen. #PakDeMacht #SP https://t.co/eLfXeAFe0M
841276820582486000,sp, 51.4954955, 3.61763329, Niet stemmen = Rutte steunen. #PakDeMacht #SP https://t.co/eLfXeAFe0M
841286289508991000,vvd, 51.15315315, 4.16524652, Wie zegt dat PVV en VVD de grootste partijen zijn voor het debat Rutte Wilders? .@emileroemer
841286289508991000,pvv, 51.15315315, 4.16524652, Wie zegt dat PVV en VVD de grootste partijen zijn voor het debat Rutte Wilders? .@emileroemer
841286289508991000,sp, 51.15315315, 4.16524652, Wie zegt dat PVV en VVD de grootste partijen zijn voor het debat Rutte Wilders? .@emileroemer
841287245403430900,sp, 51.15315315, 4.16524652, Nederland kan echt socialisme weer op de kaart zetten in Europa met .@emileroemer @SP
841339264684179500,vvd, 51.18918919, 4.197251, Wie zegt dat PVV en VVD de grootste partijen zijn voor het #EenvandaagDebat ?
841339264684179500,pvv, 51.18918919, 4.197251, Wie zegt dat PVV en VVD de grootste partijen zijn voor het #EenvandaagDebat ?
841340398459064300,vvd, 52.4532144, 4.96625928, De breuk tussen Wilders en Rutte zit beiden nog hoog.
841340398459064300,pvv, 52.4532144, 4.96625928, De breuk tussen Wilders en Rutte zit beiden nog hoog.
841340455530975200,vvd, 50.8884344, 5.7563272, Rutte start sterk.. Scherper dan Geert
841341318269939700,d66, 52.00639, 4.24366, Laatste locatie regiobustour #D66 vandaag: Tomato World in Honselersdijk. Met verse tomatensoep!‚Ä¶ https://t.co/fWnILBHqJE
841343257661575200,vvd, 51.9837827, 5.9636942, Rutte knalt op zorg Wilders tegen de touwen en vervolgens kan Wilders alleen maar iets stamelen over asielzoekers. #1vdebat
841343257661575200,pvv, 51.9837827, 5.9636942, Rutte knalt op zorg Wilders tegen de touwen en vervolgens kan Wilders alleen maar iets stamelen over asielzoekers. #1vdebat
841343347490979800,vvd, 51.18918919, 4.197251, De beste zorg van Europa?Waarom komen er zoveel patienten naar Belgi√´? @markrutte #EenvandaagDebat https://t.co/Ij2WwkBwES
841343909771018200,pvv, 50.8884344, 5.7563272, Alles draait om buitenlanders  snap echt totaal niet waarom Limburg zoveel op PVV stemt... Randstad dat snap ik  Limburg slaat nergens op
841344019682717700,vvd, 52.52, 6.1, @Bassteman @markrutte @geertwilderspvv #klimaat #werkonzekerheid #onderwijs #cultuur #1Vdebat wat denk je zelf üòâ natuurlijk niet!
841344019682717700,pvv, 52.52, 6.1, @Bassteman @markrutte @geertwilderspvv #klimaat #werkonzekerheid #onderwijs #cultuur #1Vdebat wat denk je zelf üòâ natuurlijk niet!
841345334752227300,pvv, 51.9345451, 4.47474999, Wilders wordt wel een beetje kapot gemaakt h√®. #1vdebat
841345468772810800,cda, 50.8884344, 5.7563272, Ik denk dat de CDA de lachende 3e gaat worden..
841346610923753500,gl, 52.45329324, 4.96621636, Ik zou voor @groenlinks gaan.
841347050490982400,vvd, 51.9837827, 5.9636942, Uitslag #1Vdebat1. Mark Rutte 2. Pieter-Jan Hagens 3. Geert Wilders
841347050490982400,pvv, 51.9837827, 5.9636942, Uitslag #1Vdebat1. Mark Rutte 2. Pieter-Jan Hagens 3. Geert Wilders
841347178769633300,vvd, 52.50549993, 4.97776439, #VVD @VVD wat een sterk optreden van #Mark Rutte #Complimenten
841349950470537200,pvv, 52.34123, 4.88991, Al dat gezeik over de PVV en die opgefokte Turken. En die verschrikkelijke honger op de wereld.‚Ä¶ https://t.co/rnRx1Xp8n9
841351135659229200,vvd, 52.4893239, 4.9544291, Felle confrontaties Rutte en Wilders in debat - Felle confrontaties Rutte en Wilders in debat - https://t.co/FZlZXRYiPE
841351135659229200,pvv, 52.4893239, 4.9544291, Felle confrontaties Rutte en Wilders in debat - Felle confrontaties Rutte en Wilders in debat - https://t.co/FZlZXRYiPE
841351347287011300,d66, 51.2584314, 6.0000979, @LJSchouten @HaraldDoornbos @RensRaemakers na het Erasmus debat komt rens als d66er in kamer
841370092269101000,sp, 51.79388368, 4.31485326, KORENDIJK: Ivm vermissing uit Piershil is  politie op zk naar 12 jr oud blank meisje  blond lang haar  draagt sp https://t.co/MBjPZV2nT8
841390775682375700,vvd, 53.2568212, 5.77307831, En het etentje van Rutte dan? https://t.co/ChceTNXXVv
841408554573602800,gl, 52.51202912, 6.09040618, GroenLinks: Laat de treinreiziger groen zien https://t.co/6ciIteXKog #Zwolle #Nieuws
841414301743235100,cda, 52.45302702, 4.96589839, Alle problemen verdwijnen volgens het CDA als iedereen 1 paspoort heeft. #penj
841419930205593600,vvd, 51.2584314, 6.0000979, @RensRaemakers waarom hoor ik niet d66 cda sp en groen links zou ook kunnen laat vvd "links" liggen.
841419930205593600,sp, 51.2584314, 6.0000979, @RensRaemakers waarom hoor ik niet d66 cda sp en groen links zou ook kunnen laat vvd "links" liggen.
841419930205593600,cda, 51.2584314, 6.0000979, @RensRaemakers waarom hoor ik niet d66 cda sp en groen links zou ook kunnen laat vvd "links" liggen.
841419930205593600,d66, 51.2584314, 6.0000979, @RensRaemakers waarom hoor ik niet d66 cda sp en groen links zou ook kunnen laat vvd "links" liggen.
841419930205593600,gl, 51.2584314, 6.0000979, @RensRaemakers waarom hoor ik niet d66 cda sp en groen links zou ook kunnen laat vvd "links" liggen.
841421074847932400,vvd, 51.2584314, 6.0000979, @RensRaemakers is zeker mogelijk als je vernieuwend wil zijn vvd mag wel eens in de  oppositie zitten
842420288943923200,pvv, 46.813, 8.4445, ‚íç #IOCprev2017‚íé Victor Stancescu‚íè Fabrice Zumbrunnen‚íê Geert Wilders‚íë K√ºhe2017/3/16 17:50 CET #trndnl https://t.co/WHwtAM2j31
842421472475938800,vvd, 51.18918919, 4.197251, Goede dag voor democratie Merkel?Polarisering heeft gewonnen in NL PVV +VVD+CDA +Baudet +Denk= 77 zetels=meerderheid!
842421472475938800,pvv, 51.18918919, 4.197251, Goede dag voor democratie Merkel?Polarisering heeft gewonnen in NL PVV +VVD+CDA +Baudet +Denk= 77 zetels=meerderheid!
842421472475938800,cda, 51.18918919, 4.197251, Goede dag voor democratie Merkel?Polarisering heeft gewonnen in NL PVV +VVD+CDA +Baudet +Denk= 77 zetels=meerderheid!
842422276431720400,pvda, 52.0787199, 4.31426, Hoe anders was de sfeer bij de #pvda Na een historisch verlies moet de partij verder met slechts‚Ä¶ https://t.co/GM7gJa1Rdz
842422802896560100,vvd, 51.18918919, 4.197251, Rutte heeft het populisme van Wilders niet gestopt maar het gewoon overgenomen #dwdd https://t.co/Bx85cd80JM
842422802896560100,pvv, 51.18918919, 4.197251, Rutte heeft het populisme van Wilders niet gestopt maar het gewoon overgenomen #dwdd https://t.co/Bx85cd80JM
842425317775966200,pvv, 46.813, 8.4445, ‚íç #SBBGKK‚íé Fabrice Zumbrunnen‚íè Victor Stancescu‚íê Fleisch‚íë Geert Wilders2017/3/16 18:15 CET #trndnl https://t.co/WHwtAM2j31
842430343370100700,pvv, 46.813, 8.4445, ‚íç Board‚íé Fabrice Zumbrunnen‚íè Victor Stancescu‚íê Fleisch‚íë Geert Wilders2017/3/16 18:35 CET #trndnl https://t.co/WHwtAM2j31
842435382159396900,pvv, 46.813, 8.4445, ‚íç Board‚íé Fabrice Zumbrunnen‚íè Victor Stancescu‚íê Fleisch‚íë Geert Wilders2017/3/16 18:50 CET #trndnl https://t.co/WHwtAM2j31
842439166570954800,pvv, 51.14332421, 5.93730479, Blij dat zoveel mensen gestemd hebben. Blij dat de PVV landelijk niet de grootste is  blij dat‚Ä¶ https://t.co/CNoHRHbKx7
842439282040176600,vvd, 51.18918919, 4.197251, Rutte heeft het populisme van Wilders niet gestopt maar het gewoon overgenomen #dwdd https://t.co/Bx85cd80JM
842439282040176600,pvv, 51.18918919, 4.197251, Rutte heeft het populisme van Wilders niet gestopt maar het gewoon overgenomen #dwdd https://t.co/Bx85cd80JM
842439477574406100,vvd, 51.18918919, 4.197251, Goede dag voor democratie Merkel?Polarisering heeft gewonnen in NL PVV +VVD+CDA +Baudet +Denk= 77 zetels=meerderheid! #dwdd
842439477574406100,pvv, 51.18918919, 4.197251, Goede dag voor democratie Merkel?Polarisering heeft gewonnen in NL PVV +VVD+CDA +Baudet +Denk= 77 zetels=meerderheid! #dwdd
842439477574406100,cda, 51.18918919, 4.197251, Goede dag voor democratie Merkel?Polarisering heeft gewonnen in NL PVV +VVD+CDA +Baudet +Denk= 77 zetels=meerderheid! #dwdd
842465550877974500,pvv, 31.3893, 35.3612, ‚íç Jews‚íé #COYS‚íè #Patriots‚íê Geert Wilders‚íë #MCFC2017/3/16 21:55 IST #trndnl https://t.co/Fx5RhnJKes
842470577940049900,pvv, 31.3893, 35.3612, ‚íç Jews‚íé #COYS‚íè #Patriots‚íê Geert Wilders‚íë #MCFC2017/3/16 22:15 IST #trndnl https://t.co/Fx5RhnJKes
842483242771144700,sp, 52.15479755, 4.51489888, Na weken lang #campagne voeren voor de #SP ga ik morgen gewoon eens helemaal niets doen!!!  Ah ‚Ä¶ https://t.co/hejPeYbRDG
842485653510135800,gl, 52.3731, 4.8932, ‚íç Europa League‚íé Van Barneveld‚íè Camiel Eurlings‚íê IJburg‚íë GroenLinks2017/3/16 22:14 CET #trndnl https://t.co/tOVVBU3TJP
842487870988435500,cda, 51.77633, 4.67811, Gisteren was het weer tijd voor een #stemfie üìù! #CDA @ Cbs Het Kristal https://t.co/50TqR7LD1j
842495291991478300,sgp, 52.3731, 4.8922, üñº @ Amsterdam  Netherlands https://t.co/usgpnymYWn
842501841908895700,vvd, 51.18918919, 4.197251, Goede dag voor democratie Merkel?Polarisering heeft gewonnen in NL PVV +VVD+CDA +Baudet +Denk= 77 zetels=meerderheid! #PenJ
842501841908895700,pvv, 51.18918919, 4.197251, Goede dag voor democratie Merkel?Polarisering heeft gewonnen in NL PVV +VVD+CDA +Baudet +Denk= 77 zetels=meerderheid! #PenJ
842501841908895700,cda, 51.18918919, 4.197251, Goede dag voor democratie Merkel?Polarisering heeft gewonnen in NL PVV +VVD+CDA +Baudet +Denk= 77 zetels=meerderheid! #PenJ
842533976124276700,pvda, 52.3731, 4.8932, Trend Alert: 'PvdA'. More trends at https://t.co/tOVVBU3TJP #trndnl https://t.co/S3zq0syO3x
842535983237099500,pvda, 52.3731, 4.8932, ‚íç Van Gerwen‚íé Boef‚íè #rtl7darts‚íê #munros‚íë PvdA2017/3/17 01:31 CET #trndnl https://t.co/tOVVBU3TJP
842541022378836000,pvda, 52.3731, 4.8932, ‚íç Boef‚íé #Eurlings‚íè #tk17‚íê PvdA‚íë Edith Schippers2017/3/17 01:56 CET #trndnl https://t.co/tOVVBU3TJP
842546052850839600,pvda, 52.3731, 4.8932, ‚íç Boef‚íé #Eurlings‚íè #tk17‚íê PvdA‚íë Edith Schippers2017/3/17 02:17 CET #trndnl https://t.co/tOVVBU3TJP
842551087378788400,pvda, 52.3731, 4.8932, ‚íç Boef‚íé #tk17‚íè PvdA‚íê Edith Schippers‚íë #uitslagenavond2017/3/17 02:31 CET #trndnl https://t.co/tOVVBU3TJP
842556118287044600,pvda, 52.3731, 4.8932, ‚íç Boef‚íé #tk17‚íè PvdA‚íê Edith Schippers‚íë #uitslagenavond2017/3/17 02:51 CET #trndnl https://t.co/tOVVBU3TJP
842561150478774300,pvda, 52.3731, 4.8932, ‚íç Boef‚íé #tk17‚íè PvdA‚íê Edith Schippers‚íë #uitslagenavond2017/3/17 03:11 CET #trndnl https://t.co/tOVVBU3TJP
842561190265942000,pvv, 46.813, 8.4445, ‚íç Fabrice Zumbrunnen‚íé Fleisch‚íè Victor Stancescu‚íê President‚íë Wilders2017/3/17 03:11 CET #trndnl https://t.co/WHwtAM2j31
842566180816670700,pvda, 52.3731, 4.8932, ‚íç Boef‚íé #tk17‚íè PvdA‚íê Edith Schippers‚íë #uitslagenavond2017/3/17 03:36 CET #trndnl https://t.co/tOVVBU3TJP
842566221706874900,pvv, 46.813, 8.4445, ‚íç Fabrice Zumbrunnen‚íé Fleisch‚íè Victor Stancescu‚íê President‚íë Geert Wilders2017/3/17 03:36 CET #trndnl https://t.co/WHwtAM2j31
842571214878994400,pvda, 52.3731, 4.8932, ‚íç Boef‚íé #tk17‚íè PvdA‚íê Edith Schippers‚íë Baudet2017/3/17 03:56 CET #trndnl https://t.co/tOVVBU3TJP
842571254406164500,pvv, 46.813, 8.4445, ‚íç Fabrice Zumbrunnen‚íé Fleisch‚íè Victor Stancescu‚íê President‚íë Geert Wilders2017/3/17 03:52 CET #trndnl https://t.co/WHwtAM2j31
842576254716923900,pvda, 52.3731, 4.8932, ‚íç Boef‚íé #tk17‚íè PvdA‚íê Edith Schippers‚íë Baudet2017/3/17 04:16 CET #trndnl https://t.co/tOVVBU3TJP
842576297498894300,pvv, 46.813, 8.4445, ‚íç Fabrice Zumbrunnen‚íé Fleisch‚íè President‚íê Geert Wilders‚íë Donald Trump2017/3/17 04:12 CET #trndnl https://t.co/WHwtAM2j31
842581301005762600,pvda, 52.3731, 4.8932, ‚íç Boef‚íé #tk17‚íè PvdA‚íê #gestemd‚íë Edith Schippers2017/3/17 04:37 CET #trndnl https://t.co/tOVVBU3TJP
842581351299600400,pvv, 46.813, 8.4445, ‚íç Fabrice Zumbrunnen‚íé Fleisch‚íè President‚íê Geert Wilders‚íë Donald Trump2017/3/17 04:37 CET #trndnl https://t.co/WHwtAM2j31
842586313475817500,pvda, 52.3731, 4.8932, ‚íç Boef‚íé #tk17‚íè PvdA‚íê #gestemd‚íë Edith Schippers2017/3/17 04:57 CET #trndnl https://t.co/tOVVBU3TJP
842586359902617600,pvv, 46.813, 8.4445, ‚íç Fabrice Zumbrunnen‚íé Fleisch‚íè President‚íê Geert Wilders‚íë Donald Trump2017/3/17 04:53 CET #trndnl https://t.co/WHwtAM2j31
842591341729071100,pvda, 52.3731, 4.8932, ‚íç Boef‚íé #tk17‚íè PvdA‚íê #gestemd‚íë Edith Schippers2017/3/17 05:17 CET #trndnl https://t.co/tOVVBU3TJP
842591382472605700,pvv, 46.813, 8.4445, ‚íç Fabrice Zumbrunnen‚íé Fleisch‚íè President‚íê Geert Wilders‚íë Donald Trump2017/3/17 05:11 CET #trndnl https://t.co/WHwtAM2j31
842601420511563800,pvda, 52.3731, 4.8932, ‚íç Boef‚íé #tk17‚íè #gestemd‚íê #PvdA‚íë Edith Schippers2017/3/17 05:57 CET #trndnl https://t.co/tOVVBU3TJP
842606461322645500,pvda, 52.3731, 4.8932, ‚íç Boef‚íé #tk17‚íè #gestemd‚íê #PvdA‚íë Edith Schippers2017/3/17 06:12 CET #trndnl https://t.co/tOVVBU3TJP
842611474946170900,pvda, 52.3731, 4.8932, ‚íç Boef‚íé #tk17‚íè #gestemd‚íê #PvdA‚íë Edith Schippers2017/3/17 06:36 CET #trndnl https://t.co/tOVVBU3TJP
842616549181599700,pvda, 52.3731, 4.8932, ‚íç Boef‚íé #tk17‚íè #gestemd‚íê #PvdA‚íë Edith Schippers2017/3/17 06:46 CET #trndnl https://t.co/tOVVBU3TJP
842626576881672200,pvda, 52.3731, 4.8932, ‚íç Boef‚íé #rtl7darts‚íè #tk17‚íê PvdA‚íë Edith Schippers2017/3/17 07:32 CET #trndnl https://t.co/tOVVBU3TJP
842631607668228100,pvda, 52.3731, 4.8932, ‚íà Camiel Eurlings‚íâ #tk17‚íä #ajakop‚íã PvdA‚íå #gestemd2017/3/17 07:51 CET #trndnl https://t.co/tOVVBU3TJP
842631648596262900,pvv, 46.813, 8.4445, ‚íç Fleisch‚íé Geert Wilders‚íè Donald Trump‚íê Monaco‚íë Russian2017/3/17 07:56 CET #trndnl https://t.co/WHwtAM2j31
842640266771255300,vvd, 51.18918919, 4.197251, Merkel en Juncker feliciteren Rutte omdat hij  nu dezelfde polariserende taal spreekt als Wilders.EU2017
842640266771255300,pvv, 51.18918919, 4.197251, Merkel en Juncker feliciteren Rutte omdat hij  nu dezelfde polariserende taal spreekt als Wilders.EU2017
842641668515934200,pvda, 52.3731, 4.8932, ‚íç PvdA‚íé #gestemd‚íè Baudet‚íê Besiktas‚íë GroenLinks2017/3/17 08:36 CET #trndnl https://t.co/tOVVBU3TJP
842641668515934200,gl, 52.3731, 4.8932, ‚íç PvdA‚íé #gestemd‚íè Baudet‚íê Besiktas‚íë GroenLinks2017/3/17 08:36 CET #trndnl https://t.co/tOVVBU3TJP
842641681639968800,vvd, 52.12145459, 5.04874677, Inspirerende discussie met ondernemers over bereikbaarheid en aansluiting onderwijs/arbeidsmarkt @VVDpsUtrecht https://t.co/5Q3NWNKHu7
842646733238632400,pvda, 52.3731, 4.8932, ‚íç #tk2017‚íé PvdA‚íè Denk‚íê Baudet‚íë Tweede Kamer2017/3/17 08:51 CET #trndnl https://t.co/tOVVBU3TJP
842646957705388000,pvv, 51.88079031, 4.47279685, Hollen. #010  09/04... Zuidje. Heartland #PVV #DENK. Polarisee Overflakkee. Rustig de hond (Nani en Spike) uitlaten. https://t.co/qJ0KyDp6WX
842651738817486800,pvda, 52.3731, 4.8932, ‚íç PvdA‚íé #gestemd‚íè Denk‚íê Baudet‚íë Tweede Kamer2017/3/17 09:11 CET #trndnl https://t.co/tOVVBU3TJP
842652991345823700,vvd, 51.18918919, 4.197251, Rutte is gewoon een Wilders in schapenvacht.
842652991345823700,pvv, 51.18918919, 4.197251, Rutte is gewoon een Wilders in schapenvacht.
842656773823590400,pvda, 52.3731, 4.8932, ‚íç #tk2017‚íé PvdA‚íè Denk‚íê Baudet‚íë Tweede Kamer2017/3/17 09:36 CET #trndnl https://t.co/tOVVBU3TJP
842658928550969300,vvd, 51.18918919, 4.197251, Het "correct"extreem rechts is heel creatief in hun populisme door het populisme van anderen "verkeerd populisme"  te noemen. #Rutte #VVD
842661801510625300,pvda, 52.3731, 4.8932, ‚íç #tk2017‚íé PvdA‚íè Denk‚íê Baudet‚íë Tweede Kamer2017/3/17 09:56 CET #trndnl https://t.co/tOVVBU3TJP
842666830103683100,pvda, 52.3731, 4.8932, ‚íç #ajakop‚íé PvdA‚íè DENK‚íê Baudet‚íë Tweede Kamer2017/3/17 10:16 CET #trndnl https://t.co/tOVVBU3TJP
842669133993074700,pvv, 51.18918919, 4.197251, Deze fascist is gevaarlijker dan Wilders. https://t.co/8Df1Hvm7Hp
842671867504734200,gl, 52.3731, 4.8932, ‚íç #ajakop‚íé DENK‚íè Baudet‚íê Tweede Kamer‚íë GroenLinks2017/3/17 10:31 CET #trndnl https://t.co/tOVVBU3TJP
842672812674498600,pvda, 51.6466483, 5.2837108, Een partij als de PvdA heeft niet eens vijanden nodig https://t.co/dJ5hQKEYFH via @volkskrant
842676903769124900,gl, 52.3731, 4.8932, ‚íç #Matchday‚íé #WorldSleepDay‚íè DENK‚íê Baudet‚íë GroenLinks2017/3/17 10:51 CET #trndnl https://t.co/tOVVBU3TJP
842684944199557100,pvda, 52.3731, 4.8932, Trend Alert: 'PvdA'er Ad Melkert'. More trends at https://t.co/tOVVBU3TJP #trndnl https://t.co/6oihPfa6Uu
842686966688698400,pvda, 52.3731, 4.8932, ‚íç PvdA'er Ad Melkert‚íé Rotterdams‚íè #spexit‚íê Chrome‚íë #appdevcon2017/3/17 11:31 CET #trndnl https://t.co/tOVVBU3TJP
842692003276050400,pvda, 52.3731, 4.8932, ‚íç PvdA'er Ad Melkert‚íé Chrome‚íè Rotterdams‚íê #spexit‚íë #appdevcon2017/3/17 11:57 CET #trndnl https://t.co/tOVVBU3TJP
842697034712862700,pvda, 52.3731, 4.8932, ‚íç Nicolette Kluijver‚íé The Daily Show‚íè PvdA'er Ad Melkert‚íê Chrome‚íë Rotterdams2017/3/17 12:11 CET #trndnl https://t.co/tOVVBU3TJP
842702066271174700,pvda, 52.3731, 4.8932, ‚íç Nieuw-West‚íé #vbhc‚íè PvdA'er Ad Melkert‚íê #appdevcon‚íë Chrome2017/3/17 12:36 CET #trndnl https://t.co/tOVVBU3TJP
842707099658281000,pvda, 52.3731, 4.8932, ‚íç Nieuw-West‚íé #vbhc‚íè #appdevcon‚íê PvdA'er Ad Melkert‚íë Chrome2017/3/17 12:52 CET #trndnl https://t.co/tOVVBU3TJP
842712131111796700,pvda, 52.3731, 4.8932, ‚íç #avscongres‚íé #WorldSleepDay‚íè #vbhc‚íê PvdA'er Ad Melkert‚íë Chrome2017/3/17 13:17 CET #trndnl https://t.co/tOVVBU3TJP
842730038302670800,pvv, 52.3731, 4.8932, @Martinbosma_pvv Did you know that 'Wijnand Duyvendak' was Trending Topic for 4 hours? ‚Üí https://t.co/XA6zcFatNZ @Dawn30The #trndnl
842813317777248300,sp, 50.7538039, 3.1847416, Porsche 911 997 3.8 Carrera 4S (automaat) / SP. CHRONO / SCH.DAK / NL AUTO https://t.co/IR6rq3xXUX https://t.co/62EZPd5oLV
842828532644425700,gl, 52.3731, 4.8932, üìà GroenLinks-kandidaat Isabelle Diks met voorkeurstemmen in Tweede Kamer https://t.co/M7gMtJuiUA
842843652447658000,gl, 52.3731, 4.8932, üìà GroenLinks-kandidaat Isabelle Diks met voorkeurstemmen in Tweede Kamer https://t.co/ApaaHmwPuH
842848606000300000,pvda, 52.36171324, 4.90066954, Zou de #PvdA zich ook realiseren dat door het brede politieke landschap hun ruif volledig is leeggeroofd? Daar onvoldoende op geanticipeerd?
842852602660372500,pvda, 53.07575809, 6.70154596, Werk van de PvdA zit er op. Sociale structuur van ons land stevig in de grondvesten. Stemmers waaieren uit naar andere oorden.
842852957888634900,pvda, 53.07574741, 6.70156323, Benieuwd wie na decimering pvda de liberale gedachte goed wat gaat afschermen voor te grote aanval op sociaal stelsel
842853207315382300,pvda, 53.07574741, 6.70156323, Spekman kan in zo n minipartijtje als de PvdA ook geen wethouder weer in Utrecht worden.
842854752920764400,gl, 53.07578864, 6.70155091, Groen links nu grootste van de drie resterende linkse partijtjes. Voorop in de strijd klinkt er net even anders zonder de internationale
842855865434673200,sp, 53.07578795, 6.70156953, Sp kartrekker als grootste in provincie Groningen. Scoort daar bijna 1 zetel
842861733375070200,pvda, 51.18918919, 4.197251, Als PVDA nog niet begrijpt wat er verkeerd gegaan is dan weten ze niet waar socialisme voor staat. #penj
842983131451805700,pvda, 52.3731, 4.8932, Trend Alert: 'PvdA-voorzitter Spekman'. More trends at https://t.co/tOVVBU3TJP #trndnl https://t.co/Z2YSxp1ufU
842983370216751100,pvda, 52.3731, 4.8932, 235 users and 240 tweets (203 RTs) in 5 days made 'PvdA-voorzitter Spekman' a Trending Topic in Netherlands. #trndnl
842983372519481300,pvda, 52.3731, 4.8932, #Top3Apps for 'PvdA-voorzitter Spekman'Twitter Web Client 17%Twitter for iPhone 15%IFTTT 12%
842983899764420600,pvda, 52.3731, 4.8932, ‚íà #SwallaVideo‚íâ Sharon Dijksma‚íä #TheOriginals‚íã #rodtwe‚íå PvdA-voorzitter Spekman2017/3/18 07:11 CET #trndnl https://t.co/tOVVBU3TJP
842988929213112300,pvda, 52.3731, 4.8932, ‚íà #SwallaVideo‚íâ Sharon Dijksma‚íä #TheOriginals‚íã #rodtwe‚íå PvdA-voorzitter Spekman2017/3/18 07:36 CET #trndnl https://t.co/tOVVBU3TJP
842993963258675200,pvda, 52.3731, 4.8932, ‚íà #SwallaVideo‚íâ Sharon Dijksma‚íä #TheOriginals‚íã #rodtwe‚íå PvdA-voorzitter Spekman2017/3/18 07:56 CET #trndnl https://t.co/tOVVBU3TJP
843006506975072300,pvda, 51.18918919, 4.197251, Als PVDA Nederland nog niet begrijpt wat er verkeerd gegaan is dan weten ze niet waar socialisme voor staat. #penj
843007186179645400,pvda, 51.18918919, 4.197251, "Socialist " Dijsselbloem hongert Griekenland uit maar begrijpt niet waarom PVDA afgestraft wordt.Totaal wereldvreemd !!!
843007618109050900,vvd, 51.18918919, 4.197251, Rutte is gewoon een Wilders in schapenvacht zoals @Bart_DeWever een Le Pen in kwadraat is.
843007618109050900,pvv, 51.18918919, 4.197251, Rutte is gewoon een Wilders in schapenvacht zoals @Bart_DeWever een Le Pen in kwadraat is.
843033924834132000,pvda, 51.578043, 5.005853, Zijlstra ziet PvdA ook na nederlaag nog altijd als optie voor kabinet (via @uq√©NUnl)  https://t.co/FJX7rL8lpi
843048248889823200,vvd, 51.3336047, 3.85277618, @vonTips desondanks raakt het mij ook. Er is een sociaal gat ontstaan ;) En zoals Rutte zei: ik had ze anders gegund.
843049030414450700,vvd, 51.0016303, 5.85884571, Naar Helmond voor de #VVD (@ Station Sittard in Sittard  Limburg) https://t.co/NfBehI22XM
843068973147217900,d66, 52.36993215, 4.89030348, @ Amsterdam https://t.co/IdpdMd66NR
843120105856876500,pvda, 51.88760832, 4.51821816, .@meilivos gaat #paulscheffer lezen om te zien waar het mis ging met de @PvdA (@nporadio1 eerder vandaag). Beter laat dan nooit. Maar laat.
843136720262651900,pvda, 52.08858212, 5.10685968, Vandaag bij de ledenraad van de PvdA met Michiel Breedveld voor het NOS Journaal... veel‚Ä¶ https://t.co/RwFrccxVSQ
843157615450492900,pvda, 52.297806, 5.611869, @GertOldambt @DianaGruben was een leuke middag enerverend en positief! @pvda
843185271789174800,vvd, 52.3731, 4.8932, ‚íç #kassatv‚íé Sagan‚íè Chelsea‚íê Zwitserland‚íë Aan Mark Rutte2017/3/18 20:31 CET #trndnl https://t.co/tOVVBU3TJP
843190307843850200,vvd, 52.3731, 4.8932, ‚íç Bas Dost‚íé Sagan‚íè Chelsea‚íê Pieter Derks‚íë Aan Mark Rutte2017/3/18 20:56 CET #trndnl https://t.co/tOVVBU3TJP
843195339486113800,vvd, 52.3731, 4.8932, ‚íç Bas Dost‚íé Pieter Derks‚íè Sagan‚íê Chelsea‚íë Aan Mark Rutte2017/3/18 21:16 CET #trndnl https://t.co/tOVVBU3TJP
843200368293040100,vvd, 52.3731, 4.8932, ‚íç Bas Dost‚íé Pieter Derks‚íè Sagan‚íê Chelsea‚íë Aan Mark Rutte2017/3/18 21:31 CET #trndnl https://t.co/tOVVBU3TJP
843205412694323200,vvd, 52.3731, 4.8932, ‚íç Pieter Derks‚íé Bas Dost‚íè Sagan‚íê Aan Mark Rutte‚íë Tijmen Eising2017/3/18 21:51 CET #trndnl https://t.co/tOVVBU3TJP
843207058967150600,d66, 51.3672607, 5.21670576, De kogel is door de kerk. @D66 gaat volgend jaar aan de gemeenteraadsverkiezingen in @gemeente_Bladel meedoen. @D66DeKempen
843225529096454100,vvd, 52.3731, 4.8932, ‚íç Pieter Derks‚íé Bas Dost‚íè Indian Wells‚íê Zakaria Labyad‚íë Aan Mark Rutte2017/3/18 23:16 CET #trndnl https://t.co/tOVVBU3TJP
843230568393330700,vvd, 52.3731, 4.8932, ‚íç #necutr‚íé Pieter Derks‚íè Bas Dost‚íê Indian Wells‚íë Aan Mark Rutte2017/3/18 23:31 CET #trndnl https://t.co/tOVVBU3TJP
843269043767447600,sp, 51.51351351, 3.61906403, ONAFHANKELIJKE waakhond der democratie. RT @SPZeeland: SP: Omroep Zeeland geen instrument voor Zeeland-promotie https://t.co/EtDc4D1Bwr
843269277033685000,sp, 51.51351351, 3.61906403, Poten af van onze waakhond. RT @SPZeeland: SP: Omroep Zeeland geen instrument voor Zeeland-promotie https://t.co/pXeHpbxO0Y
843392100376895500,pvv, 52.3731, 4.8932, Trend Alert: 'Wilders-kiezers'. More trends at https://t.co/tOVVBU3TJP #trndnl https://t.co/yXiZXFpPno
843394443260694500,vvd, 51.18918919, 4.197251, De populisten van PVV VVD CDA Baudet en Denk hebben een meerderheid en hebben enkel het racistisch discours overgen‚Ä¶ https://t.co/XZxKEodxJN
843394443260694500,pvv, 51.18918919, 4.197251, De populisten van PVV VVD CDA Baudet en Denk hebben een meerderheid en hebben enkel het racistisch discours overgen‚Ä¶ https://t.co/XZxKEodxJN
843394443260694500,cda, 51.18918919, 4.197251, De populisten van PVV VVD CDA Baudet en Denk hebben een meerderheid en hebben enkel het racistisch discours overgen‚Ä¶ https://t.co/XZxKEodxJN
843405805768532000,vvd, 52.0833, 5.13333, De VVD Utrecht wenst alle deelnemers aan de marathon vandaag  veel succes! #runforestrun‚Ä¶ https://t.co/5015dnA0SP
843413228415864800,vvd, 51.18918919, 4.197251, De meest corrupte partij van Nederland wordt de grootste .Leve de democratie en het graaien. @markrutte https://t.co/zSuiCRpAcv #7dag
843414240287449100,vvd, 51.18918919, 4.197251, Goede dag voor democratie Merkel?Polarisering heeft gewonnen in NL PVV +VVD+CDA +Baudet +Denk= 77 zetels=meerderheid! #7dag
843414240287449100,pvv, 51.18918919, 4.197251, Goede dag voor democratie Merkel?Polarisering heeft gewonnen in NL PVV +VVD+CDA +Baudet +Denk= 77 zetels=meerderheid! #7dag
843414240287449100,cda, 51.18918919, 4.197251, Goede dag voor democratie Merkel?Polarisering heeft gewonnen in NL PVV +VVD+CDA +Baudet +Denk= 77 zetels=meerderheid! #7dag
843415033472303100,pvda, 51.18918919, 4.197251, Nederland bewijst dat liberalen kuddedieren zijn en socialisten kritisch denken en leugens meedogenloos  afstraffen. #PVDA #7dag
843441905694359600,vvd, 52.45358074, 4.96708342, @AlexBekker75 eens  en daarvoor moet je bij de VVD zijn  toevalligerwijs de partij van jullie wethouder wonen ;-)
843457248143851500,cda, 52.37807, 4.90118, ik heb al een tijdje geen q&amp;a gedaan dus: stel je leukste en meest orginele vragen ‚ú® @ Station‚Ä¶ https://t.co/SWInQWcdak
843464095982600200,pvda, 53.07576, 6.70154909, PvdA gaat natuurlijk regeringsdeelname uit de weg. Aanhang weggelopen  logische keus dus.
843464334571458600,gl, 53.07578945, 6.70155244, Benieuwd welk scenario Groen Links morgen kiest bij Schippers. Zullen we wel niet horen.
843466925124567000,gl, 52.45341285, 4.96658214, @HenkvanBerkum klinkt als @groenlinks
843532524236169200,cda, 52.3731, 4.8932, ‚íç #gaepec‚íé CDA-senator Oomen‚íè Go Ahead‚íê Coolsingel‚íë Biesbosch2017/3/19 19:32 CET #trndnl https://t.co/tOVVBU3TJP
843550040341827600,pvda, 50.89660797, 4.35639234, Kijkt de #pvda mee? Het humane van het #communisme en socialisme¬≤ in #reizenwaes #Venezuela. Niet voor mij. #maduro #chavez #castro
843599011760152600,sp, 50.83945645, 4.31883156, Niet enkel ellebogenwerk op congres van sp.a Brussel. @ COOP https://t.co/IDW3F1ZqQX
843610831187206100,pvda, 50.7538039, 3.1847416, Nederland heeft gekozen - Zondag met Lubach (S06): Nederland heeft gekozen  en hoe! De PvdA had de minste zetels‚Ä¶‚Ä¶ https://t.co/SZTmM1BgRf
843610855073701900,vvd, 50.7538039, 3.1847416, Afscheid van kabinet Rutte II - Zondag met Lubach (S06): Na de verkiezingen is het doek gevallen voor kabinet Rutte‚Ä¶ https://t.co/v3qep1hQwh
843711152714584000,pvda, 52.53454012, 5.72147059, @RPlasterk zou het niet beter zijn om bij de SP aan te sluiten? Hebben  dacht ik  meer raakvlakken met PvdA dacht i‚Ä¶ https://t.co/7sF02OAyAn
843711152714584000,sp, 52.53454012, 5.72147059, @RPlasterk zou het niet beter zijn om bij de SP aan te sluiten? Hebben  dacht ik  meer raakvlakken met PvdA dacht i‚Ä¶ https://t.co/7sF02OAyAn
843828116350881800,cda, 52.3731, 4.8922, Hermosa üòç#SeVuelve @ Amsterdam  Netherlands https://t.co/CDaU4cGlQD
843868431007076400,pvv, 52.9913106, 6.57047552, @RobbieRietdijk @TanjaMeijer42 hahaha #wilders in √©√©n adem noemen met democratie is best heel grappig ;)
843868954485571600,pvv, 52.99503948, 6.56687455, @L____Joy de #PVV is niet echt een partij h√®. De PVV is enkel #Wilders. Dus democratie is wel een beetje een vreemd woord voor Geert.
843869688887201800,pvv, 52.99899407, 6.5709685, @Reneaultgek hahaha Geert #Wilders en #PVV in √©√©n adem noemen met #democratie. Da's best grappig.
843869691630293000,cda, 52.36412531, 4.88316855, #amsterdam @ Leidseplein - Amsterdam Centrum https://t.co/KeKRfCDAE1
843870001455124500,pvv, 53.00779365, 6.58369737, @HenkRomer #wilders en #democratie in √©√©n adem noemen. Da's wel heel grappig :)
843871430647435300,pvda, 51.921411, 4.435639, @RTLLateNight @PvdA @JobCohen samen veel thee drinken. Boel 'n beetje bij elkaar krijgen. Met @sharon_dijksma sexy worden voor jonge kiezer
843886825253097500,pvda, 53.07578857, 6.70155, Benieuwd hoe groen links over links regering wil vormen. Kiezers hebben pvda daar Geen ruimte voor gegeven
843886825253097500,gl, 53.07578857, 6.70155, Benieuwd hoe groen links over links regering wil vormen. Kiezers hebben pvda daar Geen ruimte voor gegeven
843923881710813200,pvv, 51.18918919, 4.197251, Zoals CDA in  Nederland  Wilderstaal spreekt begeeft @cdenv zich aan de De Wintertaal. @ivobelet @crevits #WIJ @wbeke ?
843923881710813200,cda, 51.18918919, 4.197251, Zoals CDA in  Nederland  Wilderstaal spreekt begeeft @cdenv zich aan de De Wintertaal. @ivobelet @crevits #WIJ @wbeke ?
843935067550421000,pvda, 53.0757905, 6.7015485, Plasterk wil nog een erfenis nalaten en komt met fusievoorstel pvda met n.b. Groen Links.
843935067550421000,gl, 53.0757905, 6.7015485, Plasterk wil nog een erfenis nalaten en komt met fusievoorstel pvda met n.b. Groen Links.
844114624052183000,gl, 53.478279, 6.158998, Lastminute #Schiermonnikoog vakantiehuis Klaver Vier 1| mrt17 ma 27/03-vr 31/03 Euro 239| https://t.co/x6tikv4tXS https://t.co/xJOTQInNSu
844114628468772900,gl, 53.478276, 6.158832, Lastminute #Schiermonnikoog vakantiehuis Klaver Vier 2| mrt17 ma 27/03-vr 31/03 Euro 239| https://t.co/vdnvpV5ryL https://t.co/GM1uP74rhw
844114632381993000,gl, 53.478332, 6.158829, Lastminute #Schiermonnikoog vakantiehuis Klaver Vier 3| mrt17 ma 27/03-vr 31/03 Euro 221| https://t.co/yyDMYGvkoa https://t.co/xjpddTJWJA
844114636060409900,gl, 53.478346, 6.158971, Lastminute #Schiermonnikoog vakantiehuis Klaver Vier 4| mrt17 ma 27/03-vr 31/03 Euro 221| https://t.co/2ygGorKZgX https://t.co/2J2bBPsJyZ
844130554165583900,pvv, 51.17117117, 4.16687377, Alsof een 1 september op een vrijdag een belangrijke dag is @crevits ?Goed bezig met uw CDA/Wilders taal @wbeke
844130554165583900,cda, 51.17117117, 4.16687377, Alsof een 1 september op een vrijdag een belangrijke dag is @crevits ?Goed bezig met uw CDA/Wilders taal @wbeke
844182384593592300,cu, 52.07729296, 4.31416577, Gert-Jan Segers van christenunie brak uit samen met Nathan de Vries! üôå #binnen10minuten #escape‚Ä¶ https://t.co/sBdcnRBCqR
844206402839203800,vvd, 52.3914301, 4.7797067, P 1 Voertuig te Water (Middel Duik)   Tijnmuiden Amsterdam [ 13VVD ] https://t.co/Mf8r1CgUSd #p2000
844223054964318200,pvda, 52.0933579, 5.1141368, Nu met Jan Zandbergen in Utrecht bij C50 overleg campagne  PvdA.
844263783925190700,vvd, 52.52390139, 5.71640503, avondje klankbordgroep #omgevingswet #Dronten. ik mag @VVDDronten vertegenwoordigen. #VVD (@ Gemeente Dronten) https://t.co/xJKW6EvGph
844314224755126300,vvd, 52.47517364, 4.99070671, @eefhoedemaeker ik mag hopen dat CDA en VVD ook het klimaatakkoord Parijs uitvoeren. Zelfs zonder GroenLinks.
844314224755126300,cda, 52.47517364, 4.99070671, @eefhoedemaeker ik mag hopen dat CDA en VVD ook het klimaatakkoord Parijs uitvoeren. Zelfs zonder GroenLinks.
844314224755126300,gl, 52.47517364, 4.99070671, @eefhoedemaeker ik mag hopen dat CDA en VVD ook het klimaatakkoord Parijs uitvoeren. Zelfs zonder GroenLinks.
844515020201513000,gl, 51.934189, 4.478892, #ROTTERDAM #1400231 | P 1 Ass. AMBU (Inzet brw: AED inzet) Benthuizerstraat/Cafe de Klaver 102 Rotterdam 170631  | https://t.co/SntvKokMwG
844545064298860500,vvd, 51.5158, 5.5022, Alles wordt langzaam groen #lente #senb @ Son en Breugel https://t.co/d8QQREvVD9
844590921316552700,cda, 52.2723, 4.96929, Dit is een heel fijne donkere IPA. Had ook porter mogen heten. - Drinking a Sooty Otter @ Abcoude - https://t.co/CCda40tU2x #photo
844625727513415700,vvd, 52.36181814, 4.9007065, @marjaruigrok @VVDAmsterdam @KajsaOllongren @GuusBakker1 over de stemming zelf weet ik ook niets. Er komt een brainstormsessie met ondern.
